id1,t1,lat1,lon1,mag1,id2,t2,lat2,lon2,mag2,dist,B,dB,azi,C,dC,group,weight
us2000d0fu,2018-02-11 00:10:32.550000,-53.0809274844,9.68601737642,5.37,us70006t6a,2020-01-01 16:34:59.178000,-53.0959880858,9.60339810413,5.37,5.78366516971,1.46457638464,7.29477232864,253.121436065,260.961048127,78.0698221096,1,1
us2000cqrf,2018-01-28 22:23:35.880000,-53.0502488261,9.74045265993,5.2,us70006t6a,2020-01-01 16:34:59.178000,-53.0959880858,9.60339810413,5.37,10.5019606667,2.02551813598,15.8599527014,240.952955138,235.735987176,66.5197121457,1,1
us10007tup,2017-01-18 02:02:26.380000,-53.0742593965,9.6429666634,5.532,us70006t6a,2020-01-01 16:34:59.178000,-53.0959880858,9.60339810413,5.37,3.58842118554,51.6880841438,48.4355792629,227.617503604,254.04358817,81.9111568974,1,1
usc000n5bs,2014-03-08 07:14:10.430000,-53.2215459502,9.42597192272,5.4,us70006t6a,2020-01-01 16:34:59.178000,-53.0959880858,9.60339810413,5.37,18.3331461421,10.8592877704,15.4482389237,40.4139018867,312.592469945,53.8421556054,1,1
us70006t6a,2020-01-01 16:34:59.178000,-53.0959880858,9.60339810413,5.37,us70005lr7,2019-09-18 16:00:53.073000,-53.5193508361,9.4345826241,5.37,48.4420374129,0.560273783096,17.8831615389,193.364845166,63.62782438,68.516216726,1,1
us70005hul,2019-09-18 11:54:58.913000,-53.5235656453,9.39236004884,5.2,us70005lr7,2019-09-18 16:00:53.073000,-53.5193508361,9.4345826241,5.37,2.83945137807,3.77666028131,2.93258121192,80.5078300215,80.5085614275,57.3756394009,1,1
us2000d5tm,2018-02-21 10:27:55.290000,-53.0311298502,9.94267543075,5.532,us70005lr7,2019-09-18 16:00:53.073000,-53.5193508361,9.4345826241,5.37,64.0395811605,62.4903979614,57.1878899591,211.752953729,196.036470036,77.3821956613,1,1
us2000d0fu,2018-02-11 00:10:32.550000,-53.0809274844,9.68601737642,5.37,us70005lr7,2019-09-18 16:00:53.073000,-53.5193508361,9.4345826241,5.37,51.5921947115,0.996839505586,35.079136484,198.85996682,147.530962465,85.452800354,1,1
us2000cqrf,2018-01-28 22:23:35.880000,-53.0502488261,9.74045265993,5.2,us70005lr7,2019-09-18 16:00:53.073000,-53.5193508361,9.4345826241,5.37,56.0510791702,0.778491718433,35.4324667038,201.220525791,150.125854303,92.9082459633,1,1
usb000s4bw,2014-08-19 18:19:57.880000,-53.0972768193,9.61693306072,5.451,us70005lr7,2019-09-18 16:00:53.073000,-53.5193508361,9.4345826241,5.37,48.5206251935,42.4417002328,63.5286433162,194.434869446,150.337395221,115.154684384,1,1
usc000n5bs,2014-03-08 07:14:10.430000,-53.2215459502,9.42597192272,5.4,us70005lr7,2019-09-18 16:00:53.073000,-53.5193508361,9.4345826241,5.37,33.1486231194,38.9737651896,62.1940138504,179.012762896,136.822073696,83.9523909105,1,1
usp000jcqf,2011-12-27 18:32:51.260000,-53.1002252435,9.69310750237,5.532,us70005lr7,2019-09-18 16:00:53.073000,-53.5193508361,9.4345826241,5.37,49.7265357153,9.12758033121,46.0414150567,200.172115426,151.4810341,99.6313984896,1,1
usp000gnna,2008-11-14 02:43:54.290000,-53.3996456203,9.31030756602,5.4,us70005lr7,2019-09-18 16:00:53.073000,-53.5193508361,9.4345826241,5.37,15.6725851632,1.96339171657,19.3496394996,148.267672186,157.86407372,58.0929022252,1,1
usp000fha2,2007-07-28 16:13:43.590000,-53.5729789497,9.40417794345,5.5,us70005lr7,2019-09-18 16:00:53.073000,-53.5193508361,9.4345826241,5.37,6.29971642814,6.21844096765,1.71504301579,18.670585613,8.78840963526,13.9127076624,1,1
us2000d5tm,2018-02-21 10:27:55.290000,-53.0311298502,9.94267543075,5.532,us70005hul,2019-09-18 11:54:58.913000,-53.5235656453,9.39236004884,5.2,65.9620559175,7.98454277106,64.5564702038,213.595201187,213.334838334,90.9541645417,1,1
us2000d0fu,2018-02-11 00:10:32.550000,-53.0809274844,9.68601737642,5.37,us70005hul,2019-09-18 11:54:58.913000,-53.5235656453,9.39236004884,5.2,53.0095474588,78.0122821788,46.9006874326,201.555875597,213.94238493,57.3428921636,1,1
us2000cqrf,2018-01-28 22:23:35.880000,-53.0502488261,9.74045265993,5.2,us70005hul,2019-09-18 11:54:58.913000,-53.5235656453,9.39236004884,5.2,57.5646419815,7.71327679502,66.7500218994,203.644005546,227.104164877,113.219667341,1,1
us10007tup,2017-01-18 02:02:26.380000,-53.0742593965,9.6429666634,5.532,us70005hul,2019-09-18 11:54:58.913000,-53.5235656453,9.39236004884,5.2,52.7217415969,7.09378033836,55.274039944,198.376366636,236.63392621,97.3479789602,1,1
usp000gnna,2008-11-14 02:43:54.290000,-53.3996456203,9.31030756602,5.4,us70005hul,2019-09-18 11:54:58.913000,-53.5235656453,9.39236004884,5.2,14.8293939411,14.634693556,40.3082015841,158.471272227,195.359593837,70.8801286382,1,1
usp000ft5j,2007-11-23 19:18:47.400000,-53.2620061258,9.40951627682,5.5,us70005hul,2019-09-18 11:54:58.913000,-53.5235656453,9.39236004884,5.2,29.1322797419,44.029787174,51.2813459122,182.238418107,200.030772839,80.5523056601,1,1
usp000fha2,2007-07-28 16:13:43.590000,-53.5729789497,9.40417794345,5.5,us70005hul,2019-09-18 11:54:58.913000,-53.5235656453,9.39236004884,5.2,5.55503846879,3.87842875319,2.17448141596,351.8887722,0.499518543092,24.4179758575,1,1
us70005lr7,2019-09-18 16:00:53.073000,-53.5193508361,9.4345826241,5.37,us1000jia7,2019-03-19 03:26:28.619000,-53.5557862399,9.56453750382,5.532,9.52262954443,6.16264152832,3.47661996997,115.256162762,295.148591209,39.3691433627,1,1
us70005hul,2019-09-18 11:54:58.913000,-53.5235656453,9.39236004884,5.2,us1000jia7,2019-03-19 03:26:28.619000,-53.5557862399,9.56453750382,5.532,11.9648934582,19.7315155968,10.4808166991,107.509597623,294.084893353,46.4281028056,1,1
us2000d5tm,2018-02-21 10:27:55.290000,-53.0311298502,9.94267543075,5.532,us1000jia7,2019-03-19 03:26:28.619000,-53.5557862399,9.56453750382,5.532,63.601376502,70.7835196883,85.5712599422,203.204811112,242.028210293,91.8307645845,1,1
us2000d0fu,2018-02-11 00:10:32.550000,-53.0809274844,9.68601737642,5.37,us1000jia7,2019-03-19 03:26:28.619000,-53.5557862399,9.56453750382,5.532,53.4645652713,1.8327702764,42.335583456,188.660645487,164.206485512,97.2194369862,1,1
us2000cqrf,2018-01-28 22:23:35.880000,-53.0502488261,9.74045265993,5.2,us1000jia7,2019-03-19 03:26:28.619000,-53.5557862399,9.56453750382,5.532,57.4714873033,34.776715598,84.1021117809,191.703955973,174.082741612,138.825804881,1,1
usb000s4bw,2014-08-19 18:19:57.880000,-53.0972768193,9.61693306072,5.451,us1000jia7,2019-03-19 03:26:28.619000,-53.5557862399,9.56453750382,5.532,51.1478939601,125.198457435,76.6693110256,183.892759768,221.563105764,56.933360938,1,1
usc000n5bs,2014-03-08 07:14:10.430000,-53.2215459502,9.42597192272,5.4,us1000jia7,2019-03-19 03:26:28.619000,-53.5557862399,9.56453750382,5.532,38.3241648714,65.7665077853,49.2026679976,166.136169821,230.590365189,59.0948831258,1,1
usp000jcqf,2011-12-27 18:32:51.260000,-53.1002252435,9.69310750237,5.532,us1000jia7,2019-03-19 03:26:28.619000,-53.5557862399,9.56453750382,5.532,51.4190475129,1.83163831683,30.8990590799,189.53849855,148.759276492,98.1952355746,1,1
usp000gnna,2008-11-14 02:43:54.290000,-53.3996456203,9.31030756602,5.4,us1000jia7,2019-03-19 03:26:28.619000,-53.5557862399,9.56453750382,5.532,24.2258986812,8.47789334881,25.2821155569,135.935634865,172.326908681,60.1325085115,1,1
usp000gnn8,2008-11-14 02:05:09.900000,-53.3614301385,9.9370443583,5.9,us1000jia7,2019-03-19 03:26:28.619000,-53.5557862399,9.56453750382,5.532,32.8651417382,52.6601237564,36.012180469,228.690160771,219.772441884,50.4136638833,1,1
usp000ft5j,2007-11-23 19:18:47.400000,-53.2620061258,9.40951627682,5.5,us1000jia7,2019-03-19 03:26:28.619000,-53.5557862399,9.56453750382,5.532,34.282665864,104.908923545,29.2061324219,162.562034763,221.662630229,35.6863162084,1,1
usp000fha2,2007-07-28 16:13:43.590000,-53.5729789497,9.40417794345,5.5,us1000jia7,2019-03-19 03:26:28.619000,-53.5557862399,9.56453750382,5.532,10.7961045525,12.592594487,8.0186681044,79.8555137279,80.0310051652,60.1833470888,1,1
usp0009wj9,2000-07-15 03:58:10.470000,-53.4941342604,9.76763739988,5.7,us1000jia7,2019-03-19 03:26:28.619000,-53.5557862399,9.56453750382,5.532,15.1166068816,18.1202426998,40.6993462118,242.923356443,243.090398541,68.1470203723,1,1
us2000d0fu,2018-02-11 00:10:32.550000,-53.0809274844,9.68601737642,5.37,us2000d5tm,2018-02-21 10:27:55.290000,-53.0311298502,9.94267543075,5.532,18.0793010847,6.92442414346,13.7386011247,72.2523772911,213.508801488,59.235657938,1,1
us2000cqrf,2018-01-28 22:23:35.880000,-53.0502488261,9.74045265993,5.2,us2000d5tm,2018-02-21 10:27:55.290000,-53.0311298502,9.94267543075,5.532,13.7297695103,13.7253458444,9.95920144364,81.1657850683,89.5410113091,60.0647761821,1,1
us10007tup,2017-01-18 02:02:26.380000,-53.0742593965,9.6429666634,5.532,us2000d5tm,2018-02-21 10:27:55.290000,-53.0311298502,9.94267543075,5.532,20.6623050858,20.9874723386,13.0557391613,76.6875234682,85.7439423728,53.5085008375,1,1
usp000gnna,2008-11-14 02:43:54.290000,-53.3996456203,9.31030756602,5.4,us2000d5tm,2018-02-21 10:27:55.290000,-53.0311298502,9.94267543075,5.532,58.8769479241,111.371279358,19.3707754809,46.1010822586,38.3700167207,13.759088157,1,1
usp000ft5j,2007-11-23 19:18:47.400000,-53.2620061258,9.40951627682,5.5,us2000d5tm,2018-02-21 10:27:55.290000,-53.0311298502,9.94267543075,5.532,43.9631963009,41.104468615,7.56110426959,54.4500316574,53.394035032,15.1315390195,1,1
usp000fha2,2007-07-28 16:13:43.590000,-53.5729789497,9.40417794345,5.5,us2000d5tm,2018-02-21 10:27:55.290000,-53.0311298502,9.94267543075,5.532,70.1803159735,19.078914783,53.8923810584,30.9827427708,68.5685915559,64.915691947,1,1
us2000cqrf,2018-01-28 22:23:35.880000,-53.0502488261,9.74045265993,5.2,us2000d0fu,2018-02-11 00:10:32.550000,-53.0809274844,9.68601737642,5.37,4.99723006303,1.55289606323,10.8718918114,226.883351694,127.494329352,60.321382197,1,1
us10007tup,2017-01-18 02:02:26.380000,-53.0742593965,9.6429666634,5.532,us2000d0fu,2018-02-11 00:10:32.550000,-53.0809274844,9.68601737642,5.37,2.97902680596,20.0999272166,24.1050308245,104.441484327,76.7912274967,69.2710889778,1,1
usp000ft5j,2007-11-23 19:18:47.400000,-53.2620061258,9.40951627682,5.5,us2000d0fu,2018-02-11 00:10:32.550000,-53.0809274844,9.68601737642,5.37,27.34927704,62.7857374792,36.25709468,42.6475586856,63.8408900422,32.792102215,1,1
us10007tup,2017-01-18 02:02:26.380000,-53.0742593965,9.6429666634,5.532,us2000cqrf,2018-01-28 22:23:35.880000,-53.0502488261,9.74045265993,5.2,7.06066672952,7.08735927245,1.55053126543,67.8015634638,67.801105267,18.1637333374,1,1
usp000ft5j,2007-11-23 19:18:47.400000,-53.2620061258,9.40951627682,5.5,us2000cqrf,2018-01-28 22:23:35.880000,-53.0502488261,9.74045265993,5.2,32.333475947,29.6119422695,12.0760427762,43.3424479041,40.172475033,31.4358591545,1,1
us2000d5tm,2018-02-21 10:27:55.290000,-53.0311298502,9.94267543075,5.532,us2000cqpu,2018-01-28 18:09:44.630000,-53.0926474596,9.61452434384,5.37,23.0402369165,2.79181179749,14.6249053179,252.583117197,319.607530289,56.3022755184,1,1
us2000d0fu,2018-02-11 00:10:32.550000,-53.0809274844,9.68601737642,5.37,us2000cqpu,2018-01-28 18:09:44.630000,-53.0926474596,9.61452434384,5.37,4.96460678471,15.551120744,8.37335748526,254.740022898,43.1367349285,37.524734154,1,1
us2000cqrf,2018-01-28 22:23:35.880000,-53.0502488261,9.74045265993,5.2,us2000cqpu,2018-01-28 18:09:44.630000,-53.0926474596,9.61452434384,5.37,9.66984744642,6.99520777521,3.52324285856,240.743478146,30.8385524317,36.1078481533,1,1
us10007tup,2017-01-18 02:02:26.380000,-53.0742593965,9.6429666634,5.532,us2000cqpu,2018-01-28 18:09:44.630000,-53.0926474596,9.61452434384,5.37,2.79640881949,2.79437580395,3.98590212846,222.95245147,311.205918889,54.7182608193,1,1
usc000n5bs,2014-03-08 07:14:10.430000,-53.2215459502,9.42597192272,5.4,us2000cqpu,2018-01-28 18:09:44.630000,-53.0926474596,9.61452434384,5.37,19.1014107544,14.1483570546,26.6672697852,41.3991146868,14.9978726679,61.4503369882,1,1
usp000ft5j,2007-11-23 19:18:47.400000,-53.2620061258,9.40951627682,5.5,us2000cqpu,2018-01-28 18:09:44.630000,-53.0926474596,9.61452434384,5.37,23.3051183604,1.59569849768,27.5422677927,36.1088321559,2.43547727473,65.3627415463,1,1
us70006t6a,2020-01-01 16:34:59.178000,-53.0959880858,9.60339810413,5.37,us1000apzz,2017-10-11 00:08:26.300000,-53.4904572285,9.76209338516,5.6,45.1584953539,87.9232599999,25.1393261871,166.511395799,25.5206890342,19.4535848404,1,1
us70005lr7,2019-09-18 16:00:53.073000,-53.5193508361,9.4345826241,5.37,us1000apzz,2017-10-11 00:08:26.300000,-53.4904572285,9.76209338516,5.6,21.9674205156,13.7533295078,41.9107417506,81.714093064,284.47572873,65.5700916413,1,1
us70005hul,2019-09-18 11:54:58.913000,-53.5235656453,9.39236004884,5.2,us1000apzz,2017-10-11 00:08:26.300000,-53.4904572285,9.76209338516,5.6,24.80628285,24.4679692092,40.1969514716,81.6060938796,271.571042919,75.8120230781,1,1
us1000jia7,2019-03-19 03:26:28.619000,-53.5557862399,9.56453750382,5.532,us1000apzz,2017-10-11 00:08:26.300000,-53.4904572285,9.76209338516,5.6,14.9846726276,11.8397697423,30.9555293877,61.0525774956,238.44153615,69.4195658995,1,1
us2000d0fu,2018-02-11 00:10:32.550000,-53.0809274844,9.68601737642,5.37,us1000apzz,2017-10-11 00:08:26.300000,-53.4904572285,9.76209338516,5.6,45.8587701022,40.0944912673,61.8552051842,173.678345594,9.95035248918,79.0215423458,1,1
us2000cqrf,2018-01-28 22:23:35.880000,-53.0502488261,9.74045265993,5.2,us1000apzz,2017-10-11 00:08:26.300000,-53.4904572285,9.76209338516,5.6,49.0126578281,84.3101547783,28.6585613351,178.320614807,36.0096784612,22.6167673271,1,1
us2000cqpu,2018-01-28 18:09:44.630000,-53.0926474596,9.61452434384,5.37,us1000apzz,2017-10-11 00:08:26.300000,-53.4904572285,9.76209338516,5.6,45.3533544904,0.469173328069,34.6529355551,167.527755024,30.8473030555,61.2915419907,1,1
usc000n5bs,2014-03-08 07:14:10.430000,-53.2215459502,9.42597192272,5.4,us1000apzz,2017-10-11 00:08:26.300000,-53.4904572285,9.76209338516,5.6,37.3704159126,106.853619312,73.4311069776,143.345479883,214.826133576,83.2690997297,1,1
usp000jcqf,2011-12-27 18:32:51.260000,-53.1002252435,9.69310750237,5.532,us1000apzz,2017-10-11 00:08:26.300000,-53.4904572285,9.76209338516,5.6,43.6725399959,38.4980805053,61.8569801851,173.98169375,240.847542746,88.6969381115,1,1
usp000gnna,2008-11-14 02:43:54.290000,-53.3996456203,9.31030756602,5.4,us1000apzz,2017-10-11 00:08:26.300000,-53.4904572285,9.76209338516,5.6,31.6745034418,28.2731246362,17.5499949893,108.788895611,220.68922101,59.2599526531,1,1
usp000gnn8,2008-11-14 02:05:09.900000,-53.3614301385,9.9370443583,5.9,us1000apzz,2017-10-11 00:08:26.300000,-53.4904572285,9.76209338516,5.6,18.4786572053,45.9602205044,34.0772480018,218.932964015,219.809145909,67.1593061939,1,1
usp000ft5j,2007-11-23 19:18:47.400000,-53.2620061258,9.40951627682,5.5,us1000apzz,2017-10-11 00:08:26.300000,-53.4904572285,9.76209338516,5.6,34.5980419059,99.040200778,71.1581070799,137.437514276,215.008185633,94.8850587141,1,1
usp000fha2,2007-07-28 16:13:43.590000,-53.5729789497,9.40417794345,5.5,us1000apzz,2017-10-11 00:08:26.300000,-53.4904572285,9.76209338516,5.6,25.4482887695,17.390835178,33.634690671,68.9883609444,69.7656968156,61.6022244601,1,1
usp000dkrt,2005-03-31 05:19:52.500000,-53.5467463303,9.36867099305,5.3,us1000apzz,2017-10-11 00:08:26.300000,-53.4904572285,9.76209338516,5.6,26.8371208909,3.03576072312,28.0617377361,76.6587842482,134.820389809,62.3429621176,1,1
usp0009wj9,2000-07-15 03:58:10.470000,-53.4941342604,9.76763739988,5.7,us1000apzz,2017-10-11 00:08:26.300000,-53.4904572285,9.76209338516,5.6,0.550337425413,0.549976830693,1.86957724109,318.037735679,318.049532344,58.8858785319,1,1
usp0007q6d,1996-09-20 17:37:06.350000,-53.042195327,9.66407104089,5.8,us1000apzz,2017-10-11 00:08:26.300000,-53.4904572285,9.76209338516,5.6,50.314527868,134.843915206,53.234788355,172.57025178,211.566399146,34.608475338,1,1
usp000ft5j,2007-11-23 19:18:47.400000,-53.2620061258,9.40951627682,5.5,us10007tup,2017-01-18 02:02:26.380000,-53.0742593965,9.6429666634,5.532,26.0827473915,22.9848520114,12.0100557347,36.8607230209,36.1290700689,44.2168239073,1,1
us70006t6a,2020-01-01 16:34:59.178000,-53.0959880858,9.60339810413,5.37,usb000s4bw,2014-08-19 18:19:57.880000,-53.0972768193,9.61693306072,5.451,0.917942655633,3.2662854887,25.1445012354,98.9942150009,278.990733199,67.167023229,1,1
us70005hul,2019-09-18 11:54:58.913000,-53.5235656453,9.39236004884,5.2,usb000s4bw,2014-08-19 18:19:57.880000,-53.0972768193,9.61693306072,5.451,49.7479451869,32.1558504235,56.0386022868,17.601369064,159.929293242,89.0455153016,1,1
us2000d5tm,2018-02-21 10:27:55.290000,-53.0311298502,9.94267543075,5.532,usb000s4bw,2014-08-19 18:19:57.880000,-53.0972768193,9.61693306072,5.451,23.0443460947,22.9029112921,5.48960954322,251.240708175,69.6784179017,19.1969399452,1,1
us2000d0fu,2018-02-11 00:10:32.550000,-53.0809274844,9.68601737642,5.37,usb000s4bw,2014-08-19 18:19:57.880000,-53.0972768193,9.61693306072,5.451,4.9733517292,34.5088898526,30.4155542162,248.512690325,68.5652015354,62.1371187077,1,1
us2000cqrf,2018-01-28 22:23:35.880000,-53.0502488261,9.74045265993,5.2,usb000s4bw,2014-08-19 18:19:57.880000,-53.0972768193,9.61693306072,5.451,9.79420736099,10.1576145969,1.73453900043,237.650110661,58.2900131895,9.61761699144,1,1
us2000cqpu,2018-01-28 18:09:44.630000,-53.0926474596,9.61452434384,5.37,usb000s4bw,2014-08-19 18:19:57.880000,-53.0972768193,9.61693306072,5.451,0.539870502253,3.40411227901,18.1104108444,162.610279843,342.543972465,60.9532324044,1,1
us10007tup,2017-01-18 02:02:26.380000,-53.0742593965,9.6429666634,5.532,usb000s4bw,2014-08-19 18:19:57.880000,-53.0972768193,9.61693306072,5.451,3.09909287701,4.42799062528,2.08965862167,214.24347469,59.9390981508,33.4563786985,1,1
usc000n5bs,2014-03-08 07:14:10.430000,-53.2215459502,9.42597192272,5.4,usb000s4bw,2014-08-19 18:19:57.880000,-53.0972768193,9.61693306072,5.451,18.8260831989,14.7663642933,1.72620902218,42.8022549161,40.9102654675,7.55241633824,1,1
usp000jcqf,2011-12-27 18:32:51.260000,-53.1002252435,9.69310750237,5.532,usb000s4bw,2014-08-19 18:19:57.880000,-53.0972768193,9.61693306072,5.451,5.11300372378,2.45747964451,15.7640372125,273.649000262,293.722640984,63.6428937787,1,1
usp000gnna,2008-11-14 02:43:54.290000,-53.3996456203,9.31030756602,5.4,usb000s4bw,2014-08-19 18:19:57.880000,-53.0972768193,9.61693306072,5.451,39.3865454236,94.9458888135,9.85649858396,31.4323011517,35.8969492518,6.54265949272,1,1
usp000ft5j,2007-11-23 19:18:47.400000,-53.2620061258,9.40951627682,5.5,usb000s4bw,2014-08-19 18:19:57.880000,-53.0972768193,9.61693306072,5.451,22.9868178986,16.0814546843,2.25481884813,37.1882941325,38.3252866264,7.8017619329,1,1
usp000fha2,2007-07-28 16:13:43.590000,-53.5729789497,9.40417794345,5.5,usb000s4bw,2014-08-19 18:19:57.880000,-53.0972768193,9.61693306072,5.451,54.8063123724,102.630840732,66.6342104982,15.0724060406,22.7338345866,65.6177957266,1,1
us70005hul,2019-09-18 11:54:58.913000,-53.5235656453,9.39236004884,5.2,usc000n5bs,2014-03-08 07:14:10.430000,-53.2215459502,9.42597192272,5.4,33.6871238898,104.164990523,93.1648957886,3.82126143568,203.383166654,85.4824856989,1,1
us2000d5tm,2018-02-21 10:27:55.290000,-53.0311298502,9.94267543075,5.532,usc000n5bs,2014-03-08 07:14:10.430000,-53.2215459502,9.42597192272,5.4,40.5639056206,41.8268175927,3.50617119864,238.299328117,58.3006883187,5.0887551673,1,1
us2000cqrf,2018-01-28 22:23:35.880000,-53.0502488261,9.74045265993,5.2,usc000n5bs,2014-03-08 07:14:10.430000,-53.2215459502,9.42597192272,5.4,28.39699296,24.6806512179,4.89902318417,227.705381474,45.2027674264,14.5477683007,1,1
us10007tup,2017-01-18 02:02:26.380000,-53.0742593965,9.6429666634,5.532,usc000n5bs,2014-03-08 07:14:10.430000,-53.2215459502,9.42597192272,5.4,21.896711576,21.964082517,2.49495170162,221.445995824,41.1567075387,5.87258650974,1,1
usp000jcqf,2011-12-27 18:32:51.260000,-53.1002252435,9.69310750237,5.532,usc000n5bs,2014-03-08 07:14:10.430000,-53.2215459502,9.42597192272,5.4,22.3955395118,15.6536417113,12.169143635,232.817170595,175.15581988,44.8492591263,1,1
usp000gnna,2008-11-14 02:43:54.290000,-53.3996456203,9.31030756602,5.4,usc000n5bs,2014-03-08 07:14:10.430000,-53.2215459502,9.42597192272,5.4,21.2676338226,73.4627068327,12.5587694324,21.3002631621,28.3121421797,10.0462138388,1,1
usp000ft5j,2007-11-23 19:18:47.400000,-53.2620061258,9.40951627682,5.5,usc000n5bs,2014-03-08 07:14:10.430000,-53.2215459502,9.42597192272,5.4,4.63492766198,4.63499580676,0.622955293909,13.717754415,13.7176457368,7.3885098985,1,1
usp000fha2,2007-07-28 16:13:43.590000,-53.5729789497,9.40417794345,5.5,usc000n5bs,2014-03-08 07:14:10.430000,-53.2215459502,9.42597192272,5.4,39.1391484235,105.370842627,32.460305269,2.1314836778,50.1152147623,23.4405655456,1,1
us2000d5tm,2018-02-21 10:27:55.290000,-53.0311298502,9.94267543075,5.532,usp000jcqf,2011-12-27 18:32:51.260000,-53.1002252435,9.69310750237,5.532,18.4123729717,0.990001614193,7.04656832543,245.215623046,169.189310381,63.3469875165,1,1
us2000d0fu,2018-02-11 00:10:32.550000,-53.0809274844,9.68601737642,5.37,usp000jcqf,2011-12-27 18:32:51.260000,-53.1002252435,9.69310750237,5.532,2.1995138698,1.77610079008,17.4071650695,167.530777295,347.524896768,55.8868300408,1,1
us2000cqrf,2018-01-28 22:23:35.880000,-53.0502488261,9.74045265993,5.2,usp000jcqf,2011-12-27 18:32:51.260000,-53.1002252435,9.69310750237,5.532,6.403256617,5.89420246925,3.70912005261,209.686692942,327.260618349,40.7527189096,1,1
usp000gnna,2008-11-14 02:43:54.290000,-53.3996456203,9.31030756602,5.4,usp000jcqf,2011-12-27 18:32:51.260000,-53.1002252435,9.69310750237,5.532,41.9913609456,27.6395752838,32.661289296,37.6340050913,340.567118983,45.2827625194,1,1
usp000ft5j,2007-11-23 19:18:47.400000,-53.2620061258,9.40951627682,5.5,usp000jcqf,2011-12-27 18:32:51.260000,-53.1002252435,9.69310750237,5.532,26.1463952429,15.3703891029,11.5768418419,46.5938646127,41.0001619725,35.5807112562,1,1
usp000fha2,2007-07-28 16:13:43.590000,-53.5729789497,9.40417794345,5.5,usp000jcqf,2011-12-27 18:32:51.260000,-53.1002252435,9.69310750237,5.532,56.0236937704,2.78167750046,57.6664687951,20.2090072655,9.56184288271,107.848482236,1,1
us70006t6a,2020-01-01 16:34:59.178000,-53.0959880858,9.60339810413,5.37,usp000hmnu,2010-10-06 00:49:13.790000,-53.0651969007,9.68670150272,5.0,6.55016487891,1.13347166901,17.754876648,58.4898912031,166.178743559,59.9363241418,1,1
us70005lr7,2019-09-18 16:00:53.073000,-53.5193508361,9.4345826241,5.37,usp000hmnu,2010-10-06 00:49:13.790000,-53.0651969007,9.68670150272,5.0,53.2662134486,0.923920292666,45.287387623,18.4995207878,178.401117822,115.82200373,1,1
us2000d0fu,2018-02-11 00:10:32.550000,-53.0809274844,9.68601737642,5.37,usp000hmnu,2010-10-06 00:49:13.790000,-53.0651969007,9.68670150272,5.0,1.75121999969,1.74058697402,2.79363639618,1.50063918621,181.506682524,38.0920104497,1,1
us2000cqrf,2018-01-28 22:23:35.880000,-53.0502488261,9.74045265993,5.2,usp000hmnu,2010-10-06 00:49:13.790000,-53.0651969007,9.68670150272,5.0,3.96930118803,6.58670006182,19.9887068421,245.200781259,241.976578501,65.6933991954,1,1
usc000n5bs,2014-03-08 07:14:10.430000,-53.2215459502,9.42597192272,5.4,usp000hmnu,2010-10-06 00:49:13.790000,-53.0651969007,9.68670150272,5.0,24.6402186363,34.1580930094,42.3498117894,45.181146584,241.003549352,68.267155978,1,1
usp000gsbj,2009-01-07 23:02:45.540000,-53.1027240843,9.62033665741,5.0,usp000hmnu,2010-10-06 00:49:13.790000,-53.0651969007,9.68670150272,5.0,6.10054014391,2.30621771624,16.4205248378,46.8238003212,34.3577775766,48.2550241923,1,1
usp000gnna,2008-11-14 02:43:54.290000,-53.3996456203,9.31030756602,5.4,usp000hmnu,2010-10-06 00:49:13.790000,-53.0651969007,9.68670150272,5.0,44.9123088934,30.9053568541,27.7199735261,34.1807627886,359.725234378,39.1509176229,1,1
us70006t6a,2020-01-01 16:34:59.178000,-53.0959880858,9.60339810413,5.37,usp000gsbj,2009-01-07 23:02:45.540000,-53.1027240843,9.62033665741,5.0,1.35987552279,2.80178200791,16.9708484172,123.459853454,303.060307902,68.1394389459,1,1
us70005lr7,2019-09-18 16:00:53.073000,-53.5193508361,9.4345826241,5.37,usp000gsbj,2009-01-07 23:02:45.540000,-53.1027240843,9.62033665741,5.0,47.9918090574,0.886087637087,26.41046651,15.0250825832,234.277287163,90.3006533395,1,1
us70005hul,2019-09-18 11:54:58.913000,-53.5235656453,9.39236004884,5.2,usp000gsbj,2009-01-07 23:02:45.540000,-53.1027240843,9.62033665741,5.0,49.2394000142,5.70067087805,71.4660816628,18.0656712958,239.021558587,101.057710542,1,1
us2000d0fu,2018-02-11 00:10:32.550000,-53.0809274844,9.68601737642,5.37,usp000gsbj,2009-01-07 23:02:45.540000,-53.1027240843,9.62033665741,5.0,5.02457020893,1.19700625313,13.8068416091,241.107427128,337.815903848,57.5712993386,1,1
us2000cqrf,2018-01-28 22:23:35.880000,-53.0502488261,9.74045265993,5.2,usp000gsbj,2009-01-07 23:02:45.540000,-53.1027240843,9.62033665741,5.0,9.9451629977,10.2423027346,2.86024012522,233.993077973,54.0890888171,16.2009804523,1,1
us2000cqpu,2018-01-28 18:09:44.630000,-53.0926474596,9.61452434384,5.37,usp000gsbj,2009-01-07 23:02:45.540000,-53.1027240843,9.62033665741,5.0,1.18707357226,1.18655524812,2.65780903329,160.855857599,340.868994621,46.214226585,1,1
usc000n5bs,2014-03-08 07:14:10.430000,-53.2215459502,9.42597192272,5.4,usp000gsbj,2009-01-07 23:02:45.540000,-53.1027240843,9.62033665741,5.0,18.5436709036,8.95823071717,5.53236178588,44.5896517595,232.433380578,60.9046603326,1,1
usp000gnna,2008-11-14 02:43:54.290000,-53.3996456203,9.31030756602,5.4,usp000gsbj,2009-01-07 23:02:45.540000,-53.1027240843,9.62033665741,5.0,38.9893003514,88.3839629041,14.2180605227,32.1802259214,36.0305100947,12.4539939191,1,1
usp000fha5,2007-07-28 17:46:28.720000,-53.5756584868,9.4037133094,5.1,usp000gsbj,2009-01-07 23:02:45.540000,-53.1027240843,9.62033665741,5.0,54.576059647,97.158298473,30.2718011234,15.4175160245,19.7088300068,31.7954223802,1,1
usp00083fa,1997-06-13 08:07:11.540000,-53.1313644909,9.4753123736,5.1,usp000gsbj,2009-01-07 23:02:45.540000,-53.1027240843,9.62033665741,5.0,10.2199157828,3.88781676687,3.05287932181,71.8856858506,131.279362392,53.2324446858,1,1
us2000d0fu,2018-02-11 00:10:32.550000,-53.0809274844,9.68601737642,5.37,usp000gnna,2008-11-14 02:43:54.290000,-53.3996456203,9.31030756602,5.4,43.4434868584,29.6528088099,21.2269563816,215.116707324,353.035329276,34.223734063,1,1
us2000cqrf,2018-01-28 22:23:35.880000,-53.0502488261,9.74045265993,5.2,usp000gnna,2008-11-14 02:43:54.290000,-53.3996456203,9.31030756602,5.4,48.3457509764,93.300537079,21.3833379362,216.285390175,36.6298794062,17.6601097772,1,1
us10007tup,2017-01-18 02:02:26.380000,-53.0742593965,9.6429666634,5.532,usp000gnna,2008-11-14 02:43:54.290000,-53.3996456203,9.31030756602,5.4,42.4814942393,37.8076047899,17.5972368272,211.390215929,24.7265515823,21.4583787533,1,1
usp000ft5j,2007-11-23 19:18:47.400000,-53.2620061258,9.40951627682,5.5,usp000gnna,2008-11-14 02:43:54.290000,-53.3996456203,9.31030756602,5.4,16.6833708313,73.2961996794,67.1868135141,203.299640779,215.919122621,84.2879739904,1,1
usp000fha2,2007-07-28 16:13:43.590000,-53.5729789497,9.40417794345,5.5,usp000gnna,2008-11-14 02:43:54.290000,-53.3996456203,9.31030756602,5.4,20.2725827662,14.4815688532,14.5997781398,342.061550131,357.870611613,41.5708549504,1,1
usp000709e,1995-07-07 10:40:03.510000,-53.0547347973,10.3452718177,5.7,usp000gnna,2008-11-14 02:43:54.290000,-53.3996456203,9.31030756602,5.4,79.0616204652,55.6942338708,22.6764499829,240.540647716,240.282047183,30.4403501095,1,1
us2000d5tm,2018-02-21 10:27:55.290000,-53.0311298502,9.94267543075,5.532,usp000gnn8,2008-11-14 02:05:09.900000,-53.3614301385,9.9370443583,5.9,36.7610325912,97.4746621025,13.7308692088,180.584317174,40.1778584159,10.2428026508,1,1
us10007tup,2017-01-18 02:02:26.380000,-53.0742593965,9.6429666634,5.532,usp000gnn8,2008-11-14 02:05:09.900000,-53.3614301385,9.9370443583,5.9,37.5137563656,67.9841356911,16.1134611125,148.540415219,37.3858347698,16.2154895,1,1
usp000ft5j,2007-11-23 19:18:47.400000,-53.2620061258,9.40951627682,5.5,usp000gnn8,2008-11-14 02:05:09.900000,-53.3614301385,9.9370443583,5.9,36.8610438852,54.7250333792,47.6386103978,107.68002261,213.336557258,79.2278283653,1,1
usp000fha2,2007-07-28 16:13:43.590000,-53.5729789497,9.40417794345,5.5,usp000gnn8,2008-11-14 02:05:09.900000,-53.3614301385,9.9370443583,5.9,42.5043119694,42.9644199507,14.0868462449,56.577528332,45.0697787813,15.5262896223,1,1
usp000709e,1995-07-07 10:40:03.510000,-53.0547347973,10.3452718177,5.7,usp000gnn8,2008-11-14 02:05:09.900000,-53.3614301385,9.9370443583,5.9,43.6913604271,43.693804122,36.027003268,218.465335539,249.471272347,67.7821944081,1,1
us70005lr7,2019-09-18 16:00:53.073000,-53.5193508361,9.4345826241,5.37,usp000fha5,2007-07-28 17:46:28.720000,-53.5756584868,9.4037133094,5.1,6.59243325509,4.1235653547,2.20041343464,198.069796587,18.0710940622,26.4529796152,1,1
us70005hul,2019-09-18 11:54:58.913000,-53.5235656453,9.39236004884,5.2,usp000fha5,2007-07-28 17:46:28.720000,-53.5756584868,9.4037133094,5.1,5.84638726451,3.38005381103,1.57389711182,172.609280866,352.609782012,19.3762647039,1,1
us2000d0fu,2018-02-11 00:10:32.550000,-53.0809274844,9.68601737642,5.37,usp000fha5,2007-07-28 17:46:28.720000,-53.5756584868,9.4037133094,5.1,58.1837522598,2.76630335734,39.1234020331,198.747600035,336.494134944,75.2819576681,1,1
us2000cqrf,2018-01-28 22:23:35.880000,-53.0502488261,9.74045265993,5.2,usp000fha5,2007-07-28 17:46:28.720000,-53.5756584868,9.4037133094,5.1,62.6331537581,76.474663851,64.9382847862,200.863290315,46.8024024461,80.1069181644,1,1
usb000s4bw,2014-08-19 18:19:57.880000,-53.0972768193,9.61693306072,5.451,usp000fha5,2007-07-28 17:46:28.720000,-53.5756584868,9.4037133094,5.1,55.1023017135,3.29831130956,29.3555270934,194.852008787,41.4057681682,47.845036914,1,1
usc000n5bs,2014-03-08 07:14:10.430000,-53.2215459502,9.42597192272,5.4,usp000fha5,2007-07-28 17:46:28.720000,-53.5756584868,9.4037133094,5.1,39.4383163789,64.5610825305,22.4521201054,182.142556503,15.0546117161,23.8413728653,1,1
usp000gnna,2008-11-14 02:43:54.290000,-53.3996456203,9.31030756602,5.4,usp000fha5,2007-07-28 17:46:28.720000,-53.5756584868,9.4037133094,5.1,20.5471877929,30.7819536761,20.5013436666,162.47477777,2.76166036971,41.1724751334,1,1
usp000ft5j,2007-11-23 19:18:47.400000,-53.2620061258,9.40951627682,5.5,usp000fha5,2007-07-28 17:46:28.720000,-53.5756584868,9.4037133094,5.1,34.9098013537,32.7899559368,22.7858748236,180.630902528,23.1233321124,27.9769642915,1,1
usp000fha2,2007-07-28 16:13:43.590000,-53.5729789497,9.40417794345,5.5,usp000fha5,2007-07-28 17:46:28.720000,-53.5756584868,9.4037133094,5.1,0.299808656422,0.29986096923,0.400020034464,185.892250719,185.886109309,42.3284083888,1,1
us2000d0fu,2018-02-11 00:10:32.550000,-53.0809274844,9.68601737642,5.37,usp000fha2,2007-07-28 16:13:43.590000,-53.5729789497,9.40417794345,5.5,57.8917635643,3.54224669913,57.2164062883,198.814759648,14.0567148699,82.5763430398,1,1
us10007tup,2017-01-18 02:02:26.380000,-53.0742593965,9.6429666634,5.532,usp000fha2,2007-07-28 16:13:43.590000,-53.5729789497,9.40417794345,5.5,57.7392620195,57.6446588493,61.4689440103,195.90055319,71.1764334022,88.252953423,1,1
usp000ft5j,2007-11-23 19:18:47.400000,-53.2620061258,9.40951627682,5.5,usp000fha2,2007-07-28 16:13:43.590000,-53.5729789497,9.40417794345,5.5,34.6112647007,95.2673880628,21.7535809338,180.585428602,54.678227931,14.8830194859,1,1
us2000d0fu,2018-02-11 00:10:32.550000,-53.0809274844,9.68601737642,5.37,usp000egqt,2006-05-10 03:29:46.390000,-53.0798878033,9.66967563606,5.451,1.10119518816,1.10280419154,56.4192195683,276.024731267,96.0370017916,59.2452920671,1,1
us70005lr7,2019-09-18 16:00:53.073000,-53.5193508361,9.4345826241,5.37,usp000dkrt,2005-03-31 05:19:52.500000,-53.5467463303,9.36867099305,5.3,5.32889942336,6.39577749479,2.29540406622,235.072076711,15.2051471673,27.0442831336,1,1
us70005hul,2019-09-18 11:54:58.913000,-53.5235656453,9.39236004884,5.2,usp000dkrt,2005-03-31 05:19:52.500000,-53.5467463303,9.36867099305,5.3,3.02043974262,3.5869980441,1.7603290863,211.323924013,4.65839560045,25.0239416107,1,1
us1000jia7,2019-03-19 03:26:28.619000,-53.5557862399,9.56453750382,5.532,usp000dkrt,2005-03-31 05:19:52.500000,-53.5467463303,9.36867099305,5.3,13.0207568031,15.487427602,14.125943719,274.352869189,93.3606892734,84.8610196463,1,1
us2000d5tm,2018-02-21 10:27:55.290000,-53.0311298502,9.94267543075,5.532,usp000dkrt,2005-03-31 05:19:52.500000,-53.5467463303,9.36867099305,5.3,68.9792598602,124.643632842,49.4745879912,213.476474323,32.3402299019,38.1954460988,1,1
us2000cqrf,2018-01-28 22:23:35.880000,-53.0502488261,9.74045265993,5.2,usp000dkrt,2005-03-31 05:19:52.500000,-53.5467463303,9.36867099305,5.3,60.5611687763,155.802959493,98.5527701221,204.012100529,49.4550452778,70.7872544346,1,1
us10007tup,2017-01-18 02:02:26.380000,-53.0742593965,9.6429666634,5.532,usp000dkrt,2005-03-31 05:19:52.500000,-53.5467463303,9.36867099305,5.3,55.671732398,43.8983355411,65.4734484318,199.062262615,84.5343315794,93.7464730428,1,1
usb000s4bw,2014-08-19 18:19:57.880000,-53.0972768193,9.61693306072,5.451,usp000dkrt,2005-03-31 05:19:52.500000,-53.5467463303,9.36867099305,5.3,52.6870410998,99.4341378285,46.457488178,198.200505408,21.3922285631,41.0659285937,1,1
usc000n5bs,2014-03-08 07:14:10.430000,-53.2215459502,9.42597192272,5.4,usp000dkrt,2005-03-31 05:19:52.500000,-53.5467463303,9.36867099305,5.3,36.3929603603,74.7456805066,32.9201497147,185.990773092,11.3807336068,44.9581466472,1,1
usp000gsbj,2009-01-07 23:02:45.540000,-53.1027240843,9.62033665741,5.0,usp000dkrt,2005-03-31 05:19:52.500000,-53.5467463303,9.36867099305,5.3,52.1839314219,81.9995778494,39.8417411455,198.64344947,20.5141123895,48.8050772629,1,1
usp000gnna,2008-11-14 02:43:54.290000,-53.3996456203,9.31030756602,5.4,usp000dkrt,2005-03-31 05:19:52.500000,-53.5467463303,9.36867099305,5.3,16.8240223973,10.3637852676,20.8594125352,166.70587118,341.799403933,45.4520656753,1,1
usp000ft5j,2007-11-23 19:18:47.400000,-53.2620061258,9.40951627682,5.5,usp000dkrt,2005-03-31 05:19:52.500000,-53.5467463303,9.36867099305,5.3,31.8060594294,93.7821610872,29.2925169967,184.883198804,20.0781157718,18.5180658786,1,1
usp000fha5,2007-07-28 17:46:28.720000,-53.5756584868,9.4037133094,5.1,usp000dkrt,2005-03-31 05:19:52.500000,-53.5467463303,9.36867099305,5.3,3.96815228481,3.96814513472,1.50125354628,324.171240414,159.71235953,17.7270966077,1,1
usp000fha2,2007-07-28 16:13:43.590000,-53.5729789497,9.40417794345,5.5,usp000dkrt,2005-03-31 05:19:52.500000,-53.5467463303,9.36867099305,5.3,3.74969039593,3.77158931393,0.825468684047,321.120651862,141.151689537,13.5913381085,1,1
usp0009wj9,2000-07-15 03:58:10.470000,-53.4941342604,9.76763739988,5.7,usp000dkrt,2005-03-31 05:19:52.500000,-53.5467463303,9.36867099305,5.3,27.1023635689,7.25980929176,32.4923635774,257.362426183,286.029706018,65.3532154428,1,1
usp000709e,1995-07-07 10:40:03.510000,-53.0547347973,10.3452718177,5.7,usp000dkrt,2005-03-31 05:19:52.500000,-53.5467463303,9.36867099305,5.3,85.0727216464,87.0295050307,30.8949522928,229.545622421,230.425868306,33.0215104855,1,1
us70006t6a,2020-01-01 16:34:59.178000,-53.0959880858,9.60339810413,5.37,usp0009wj9,2000-07-15 03:58:10.470000,-53.4941342604,9.76763739988,5.7,45.6436114431,48.3111231646,29.2592021589,166.183430946,338.436961564,39.1208640192,1,1
us70005lr7,2019-09-18 16:00:53.073000,-53.5193508361,9.4345826241,5.37,usp0009wj9,2000-07-15 03:58:10.470000,-53.4941342604,9.76763739988,5.7,22.2751775637,21.3341695642,31.1577224452,82.8958453913,262.908649222,63.3445541424,1,1
us2000d5tm,2018-02-21 10:27:55.290000,-53.0311298502,9.94267543075,5.532,usp0009wj9,2000-07-15 03:58:10.470000,-53.4941342604,9.76763739988,5.7,52.8354844964,142.281511837,29.6944887005,192.701550759,38.4939833566,15.2401577052,1,1
us10007tup,2017-01-18 02:02:26.380000,-53.0742593965,9.6429666634,5.532,usp0009wj9,2000-07-15 03:58:10.470000,-53.4941342604,9.76763739988,5.7,47.4625575232,120.012674257,45.188457982,169.960211727,32.7502140284,47.0205540588,1,1
usb000s4bw,2014-08-19 18:19:57.880000,-53.0972768193,9.61693306072,5.451,usp0009wj9,2000-07-15 03:58:10.470000,-53.4941342604,9.76763739988,5.7,45.2956389527,126.093938361,8.59148121919,167.242972406,33.291912931,3.3953278453,1,1
usc000n5bs,2014-03-08 07:14:10.430000,-53.2215459502,9.42597192272,5.4,usp0009wj9,2000-07-15 03:58:10.470000,-53.4941342604,9.76763739988,5.7,37.9186616624,104.968043183,17.0434619484,143.272517612,32.7791929466,10.4168718599,1,1
usp000gnna,2008-11-14 02:43:54.290000,-53.3996456203,9.31030756602,5.4,usp0009wj9,2000-07-15 03:58:10.470000,-53.4941342604,9.76763739988,5.7,32.1540923336,26.035730508,4.6785179872,109.273530304,36.9870358423,12.0286658494,1,1
usp000gnn8,2008-11-14 02:05:09.900000,-53.3614301385,9.9370443583,5.9,usp0009wj9,2000-07-15 03:58:10.470000,-53.4941342604,9.76763739988,5.7,18.5724095598,44.0484289295,6.22786783145,217.255692096,37.2553143346,8.6780081632,1,1
usp000ft5j,2007-11-23 19:18:47.400000,-53.2620061258,9.40951627682,5.5,usp0009wj9,2000-07-15 03:58:10.470000,-53.4941342604,9.76763739988,5.7,35.1483143226,100.367394228,7.38858244636,137.45141218,34.5503915705,4.37388468169,1,1
usp000fha2,2007-07-28 16:13:43.590000,-53.5729789497,9.40417794345,5.5,usp0009wj9,2000-07-15 03:58:10.470000,-53.4941342604,9.76763739988,5.7,25.6476148884,25.6474796087,44.1144408819,70.1388223446,249.842554179,76.1352194692,1,1
usp000709e,1995-07-07 10:40:03.510000,-53.0547347973,10.3452718177,5.7,usp0009wj9,2000-07-15 03:58:10.470000,-53.4941342604,9.76763739988,5.7,62.2590835209,78.2574344712,20.5916471311,218.007010129,232.621204754,19.1222424407,1,1
us2000cqrf,2018-01-28 22:23:35.880000,-53.0502488261,9.74045265993,5.2,usp00083fa,1997-06-13 08:07:11.540000,-53.1313644909,9.4753123736,5.1,19.9255733716,21.4041729291,4.93342607177,242.954795701,41.9304601906,13.3589861515,1,1
usc000n5bs,2014-03-08 07:14:10.430000,-53.2215459502,9.42597192272,5.4,usp00083fa,1997-06-13 08:07:11.540000,-53.1313644909,9.4753123736,5.1,10.5645750894,9.53531700314,2.34313268205,18.2161766925,192.653797562,20.5665314438,1,1
usp000gnna,2008-11-14 02:43:54.290000,-53.3996456203,9.31030756602,5.4,usp00083fa,1997-06-13 08:07:11.540000,-53.1313644909,9.4753123736,5.1,31.8225899649,93.1732090307,19.0744220824,20.3075864713,220.820386877,12.4527198285,1,1
usp000ft5j,2007-11-23 19:18:47.400000,-53.2620061258,9.40951627682,5.5,usp00083fa,1997-06-13 08:07:11.540000,-53.1313644909,9.4753123736,5.1,15.1895172211,15.1942776635,1.93794114447,16.8539810974,197.149568343,11.5813829479,1,1
us2000d5tm,2018-02-21 10:27:55.290000,-53.0311298502,9.94267543075,5.532,usp0007q6d,1996-09-20 17:37:06.350000,-53.042195327,9.66407104089,5.8,18.7293928011,19.9227840085,19.0005723175,266.118831189,107.783968885,73.1948734321,1,1
us10007tup,2017-01-18 02:02:26.380000,-53.0742593965,9.6429666634,5.532,usp0007q6d,1996-09-20 17:37:06.350000,-53.042195327,9.66407104089,5.8,3.83863572299,3.82734944398,1.9000239906,21.6387200062,213.318100187,36.374921874,1,1
usb000s4bw,2014-08-19 18:19:57.880000,-53.0972768193,9.61693306072,5.451,usp0007q6d,1996-09-20 17:37:06.350000,-53.042195327,9.66407104089,5.8,6.89627761788,6.89788152253,4.5336274165,27.2874035101,225.715018295,39.2214410918,1,1
usc000n5bs,2014-03-08 07:14:10.430000,-53.2215459502,9.42597192272,5.4,usp0007q6d,1996-09-20 17:37:06.350000,-53.042195327,9.66407104089,5.8,25.5413880795,25.5422210631,2.66859777827,38.7004511053,218.508551992,4.48997241168,1,1
usp000gnn8,2008-11-14 02:05:09.900000,-53.3614301385,9.9370443583,5.9,usp0007q6d,1996-09-20 17:37:06.350000,-53.042195327,9.66407104089,5.8,39.9367843875,94.8415931653,45.9382993377,332.713139327,209.973352067,45.952611582,1,1
usp000ft5j,2007-11-23 19:18:47.400000,-53.2620061258,9.40951627682,5.5,usp0007q6d,1996-09-20 17:37:06.350000,-53.042195327,9.66407104089,5.8,29.8066128723,27.4354969042,3.69351105019,34.9462087251,212.483431333,6.53346899945,1,1
usp0009wj9,2000-07-15 03:58:10.470000,-53.4941342604,9.76763739988,5.7,usp0007q6d,1996-09-20 17:37:06.350000,-53.042195327,9.66407104089,5.8,50.7693043809,132.644642871,124.437562241,352.135907948,213.728622966,85.3268254952,1,1
usp000ft5j,2007-11-23 19:18:47.400000,-53.2620061258,9.40951627682,5.5,usp000709e,1995-07-07 10:40:03.510000,-53.0547347973,10.3452718177,5.7,66.7083512304,34.7349293059,4.71218814076,70.1450459979,329.308444099,9.51660873404,1,1
usp000fha2,2007-07-28 16:13:43.590000,-53.5729789497,9.40417794345,5.5,usp000709e,1995-07-07 10:40:03.510000,-53.0547347973,10.3452718177,5.7,85.2089430308,85.2085748835,4.16086052997,47.7783394991,227.023839696,3.14304636242,1,1
usp0009wj9,2000-07-15 03:58:10.470000,-53.4941342604,9.76763739988,5.7,usp0006yt5,1995-06-08 18:33:23.350000,-53.4747968392,9.7808334895,5.37,2.3236161767,2.32373922907,0.734976396967,22.1531963071,202.140270114,23.0958680539,1,1
us1000apql,2017-10-10 18:53:27.830000,-53.8245548491,8.85702277203,6.7,us2000cqnn,2018-01-28 16:03:03.970000,-53.0756698335,9.67474922211,6.6,99.4879786441,99.4935165313,3.33424592245,33.4262131906,36.2341948895,2.3144481822,2,1
usp0007k3j,1996-06-22 00:32:13.470000,-53.3882417641,9.30038907683,6.4,us2000cqnn,2018-01-28 16:03:03.970000,-53.0756698335,9.67474922211,6.6,42.8369822823,39.8189782655,11.3268277324,35.8523364222,40.0772336841,19.6552262481,2,1
usp0007k3j,1996-06-22 00:32:13.470000,-53.3882417641,9.30038907683,6.4,us1000apql,2017-10-10 18:53:27.830000,-53.8245548491,8.85702277203,6.7,56.7396596909,56.7360182047,2.06531887482,210.968444199,211.274796698,2.25423384839,2,1
us2000cqnn,2018-01-28 16:03:03.970000,-53.0756698335,9.67474922211,6.6,usb000pkxl,2014-04-15 03:57:01.370000,-53.5787499829,9.14878049977,6.8,66.0517385436,67.6888817913,2.83701017836,211.832526045,31.8712065571,2.59808960063,2,1
us1000apql,2017-10-10 18:53:27.830000,-53.8245548491,8.85702277203,6.7,usb000pkxl,2014-04-15 03:57:01.370000,-53.5787499829,9.14878049977,6.8,33.4624951827,31.2424199556,30.0546922684,35.2754970681,214.955003469,85.605005318,2,1
usp0007k3j,1996-06-22 00:32:13.470000,-53.3882417641,9.30038907683,6.4,usb000pkxl,2014-04-15 03:57:01.370000,-53.5787499829,9.14878049977,6.8,23.4701360653,23.4700989099,1.46230365213,205.33190219,205.454190366,3.2681765422,2,1
